id;description;time_sent;token_value;received;actioned;content_fully_enqueued
1;teal;58610;hack;true;true;false
2;North definition;61608;Kyat navigating;false;true;true
3;white;60215;Prairie Metal Colorado;true;true;true
4;Assurance intermediate;26077;Handcrafted;true;false;false
5;Honduras;7265;Shoes;true;true;true
6;Massachusetts Optional bypass;51863;Assistant Liaison;false;false;true
7;Total;63263;Account;true;false;false
8;silver Corner;15517;withdrawal Hat Mouse;false;true;true
9;Human Gorgeous;70151;Bike Guyana maroon;true;false;false
10;online Paraguay;82931;Supervisor;false;true;false
