id;request_id;report_date;time_of_requisition;file_checksum;tampered;filename;report_parameters;report_file;report_file_content_type
1;77048e8f-086c-4a58-afd6-ac951da1c5bd;2024-05-08;2024-05-08T17:54:43;e-business;true;e89a5f20-77ec-4b03-a1b1-e447955d7cf7;index Profound;../fake-data/blob/hipster.png;image/png
2;88378c80-53f7-4930-bd2d-a91ccdc16054;2024-05-08;2024-05-08T10:40:25;matrix;false;769601b4-5422-452b-a936-33ea74fb312f;Guinea;../fake-data/blob/hipster.png;image/png
3;d2eb8c15-04dc-41e2-ad85-f6a73e66bd83;2024-05-08;2024-05-08T11:34:52;Administrator;true;b474f2ac-768c-4627-8745-88b096979a1e;Shoes Borders;../fake-data/blob/hipster.png;image/png
4;3b6733d5-98d0-4567-b47e-a65331f2b5d2;2024-05-08;2024-05-09T06:23:49;Berkshire auxiliary Steel;false;8d572d98-92ee-43f2-92b1-ca0a2766eed7;Direct Regional;../fake-data/blob/hipster.png;image/png
5;52208b18-52e5-462b-8325-fe391fda3559;2024-05-09;2024-05-08T22:01:23;quantifying Forward;true;6bb1410a-dde0-44aa-b07f-6703ff856f12;Solutions static Lesotho;../fake-data/blob/hipster.png;image/png
6;ca3bff2c-74ed-49cb-89da-bcc68ee2903d;2024-05-08;2024-05-08T15:50:04;invoice;true;1783c11f-9737-49df-8a39-1ccaef8ecce2;Village exploit;../fake-data/blob/hipster.png;image/png
7;6f4ef2e7-ebc9-4fd7-83bc-dfa3962bac27;2024-05-09;2024-05-09T06:05:09;Plastic Pula;true;70354b39-1e64-451d-967e-4036d4a45517;Accountability;../fake-data/blob/hipster.png;image/png
8;6b4b69bf-d1c7-4764-a95e-eef01839c93e;2024-05-09;2024-05-08T14:43:46;SSL payment;false;4206bd83-691c-4a78-a545-2877f60fe472;Metal Georgia Awesome;../fake-data/blob/hipster.png;image/png
9;c918973d-7539-4d07-8481-41842e8a3b76;2024-05-08;2024-05-08T07:03:05;Data;true;4fd700ca-5e56-4553-95df-73486cf888e1;Group Fresh whiteboard;../fake-data/blob/hipster.png;image/png
10;07fa09ee-407a-4bf6-8265-2c53c964aaa4;2024-05-08;2024-05-08T07:27:41;Via;false;40a31d61-9023-4199-8098-99e59db39c01;Rubber Berkshire;../fake-data/blob/hipster.png;image/png
