id;report_name;report_date;user_password;owner_password;report_file_checksum;report_status;report_id;report_template_id
1;Direct Chair;2022-05-20;Crescent Savings;bandwidth Buckinghamshire;state;SUCCESSFUL;b88768f9-d596-41c6-9acc-919fb8f9dc3d;1
2;Avon Architect;2022-05-19;deposit Future;Gloves Implementation;Frozen program Wooden;FAILED;4cdc6c4b-0692-4827-b1ae-c4160d627e72;2
3;distributed;2022-05-19;Connecticut;Cambridgeshire Cheese;ubiquitous transmitting;GENERATING;3d88e5d8-936c-4bca-be0f-3df587c3e3bd;3
4;Account Chief Gloves;2022-05-20;Integration invoice Producer;Checking Account e-business;navigate;FAILED;86758a5f-fe38-4c41-8474-d0a060b99a26;4
5;Dinar Route;2022-05-19;Intelligent bandwidth Agent;mobile Sausages RAM;index Producer;GENERATING;9ebd414f-7540-4c57-86cb-a99628898ba8;5
6;green;2022-05-19;Account Regional;pixel Fish innovate;Multi-lateral Kids;GENERATING;b1a0ba31-86c5-4d2e-88af-d47e5d38ce51;6
7;Car;2022-05-19;Harbors Pizza Handcrafted;sensor Borders;multi-byte Tools Regional;FAILED;9b26e61c-bb5b-4616-80f0-2c2a13d57bf5;7
8;Vatu Home Licensed;2022-05-19;card;Architect Bedfordshire;deliverables Gorgeous;GENERATING;9bee574c-25e1-4039-8f0d-0f75733d18d0;8
9;overriding;2022-05-19;AI card Guatemala;SSL Maryland;invoice Wooden;GENERATING;a8fcd816-3df2-47dd-8ce3-24df782b9245;9
10;multi-byte Puerto GB;2022-05-19;Automotive Table;integrated Small integrate;backing Director blockchains;FAILED;ae14683a-a742-48d0-a370-f9d5ee438245;10
